Address, City, State, Zip
975 John St, Seattle, WA, 98109
1200 E Pike St, Seattle, WA, 98122
600 Elliott Ave W, Seattle, WA, 98119
225 Cedar St, Seattle, WA, 98121
801 Dexter Ave N, Seattle, WA, 98109
315 1st Ave N, Seattle, WA, 98109
415 Boren Ave, Seattle, WA, 98104
604 E Union St, Seattle, WA, 98122
2230 4th Ave, Seattle, WA, 98121
11 W Mercer St, Seattle, WA, 98119
888 Western Ave, Seattle, WA, 98104
219 E Garfield St, Seattle, WA, 98102
501 E Pike St, Seattle, WA, 98122
521-523 Pine St, Seattle, WA, 98101
2011 5th Ave, Seattle, WA, 98121
2105 5th Ave, Seattle, WA, 98121
2801 Western Ave, Seattle, WA, 98121
2515 4th Ave, Seattle, WA, 98121
1823 Terry Ave, Seattle, WA, 98101
1000 Minor Ave, Seattle, WA, 98104
1525 9th Ave, Seattle, WA, 98101
810 Dexter Ave N, Seattle, WA, 98109
211 Lenora St, Seattle, WA, 98121
123 18th Ave E, Seattle, WA, 98112
1915 2nd Ave, Seattle, WA, 98101
1525 14th Ave, Seattle, WA, 98122
2201 4th Ave, Seattle, WA, 98121
62 Cedar St, Seattle, WA, 98121
2030 8th Ave, Seattle, WA, 98121
535 Pontius Ave N, Seattle, WA, 98109
500 Wa,ll St, Seattle, WA, 98121
801 Pine St, Seattle, WA, 98101
312 2nd Ave W, Seattle, WA, 98119
1530 15th Ave, Seattle, WA, 98122
1601 9th Ave, Seattle, WA, 98101
120 Westlake Ave, Seattle, WA, 98109
411 W Republican St, Seattle, WA, 98119
84 Union St, Seattle, WA, 98101
905 Dexter Ave N, Seattle, WA, 98109
602-602 Galer St, Seattle, WA, 98109
2121 6th Ave, Seattle, WA, 98121
2800-2816 Western Ave, Seattle, WA, 98121
1530 Belmont Ave, Seattle, WA, 98122
1100 University St, Seattle, WA, 98101
2720 4th Ave, Seattle, WA, 98121
1900 1st Ave, Seattle, WA, 98101
285 8th Ave N, Seattle, WA, 98109
1280 Harrison St, Seattle, WA, 98109
1260 Republican St, Seattle, WA, 98109
1427 11th Ave, Seattle, WA, 98122
1221 1st Ave, Seattle, WA, 98101
2015 2nd Ave, Seattle, WA, 98121
430 Eighth Ave N, Seattle, WA, 98109
2900 1st Ave, Seattle, WA, 98121
800 Seneca St, Seattle, WA, 98101
1942-1942 Westlake Ave, Seattle, WA, 98101
1535 Bellevue Ave, Seattle, WA, 98122
715 E Pine St, Seattle, WA, 98122
801 E Thomas St, Seattle, WA, 98102
435 Dexter Ave N, Seattle, WA, 98109
241 Yale Ave N, Seattle, WA, 98109
330 3rd Ave, Seattle, WA, 98119
2233 1st Ave, Seattle, WA, 98121
1111 E Pine St, Seattle, WA, 98122
1524 Eastlake Ave E, Seattle, WA, 98102